選挙区,都道府県,都道府県コード,区番号,都市部若年勤労者,郊外子育て世帯,中高年会社員,中高年女性労働者,農村部農業従事者,高齢年金受給者,自営業・中小企業主,公務員・教職員,大学生・大学院生,専業主婦・主夫,非正規雇用労働者,労働組合員
北海道1区,北海道,1,1,0.1,0.1,0.12,0.08,0.08,0.21,0.07,0.06,0.03,0.06,0.05,0.04
北海道2区,北海道,1,2,0.1,0.1,0.12,0.08,0.08,0.21,0.07,0.06,0.03,0.06,0.05,0.04
北海道3区,北海道,1,3,0.1,0.1,0.12,0.08,0.08,0.21,0.07,0.06,0.03,0.06,0.05,0.04
北海道4区,北海道,1,4,0.1,0.1,0.12,0.08,0.08,0.21,0.07,0.06,0.03,0.06,0.05,0.04
北海道5区,北海道,1,5,0.1,0.1,0.12,0.08,0.08,0.21,0.07,0.06,0.03,0.06,0.05,0.04
北海道6区,北海道,1,6,0.1,0.1,0.12,0.08,0.08,0.21,0.07,0.06,0.03,0.06,0.05,0.04
北海道7区,北海道,1,7,0.1,0.1,0.12,0.08,0.08,0.21,0.07,0.06,0.03,0.06,0.05,0.04
北海道8区,北海道,1,8,0.1,0.1,0.12,0.08,0.08,0.21,0.07,0.06,0.03,0.06,0.05,0.04
北海道9区,北海道,1,9,0.1,0.1,0.12,0.08,0.08,0.21,0.07,0.06,0.03,0.06,0.05,0.04
北海道10区,北海道,1,10,0.1,0.1,0.12,0.08,0.08,0.21,0.07,0.06,0.03,0.06,0.05,0.04
北海道11区,北海道,1,11,0.1,0.1,0.12,0.08,0.08,0.21,0.07,0.06,0.03,0.06,0.05,0.04
北海道12区,北海道,1,12,0.1,0.1,0.12,0.08,0.08,0.21,0.07,0.06,0.03,0.06,0.05,0.04
青森県1区,青森県,2,1,0.05,0.07,0.1,0.08,0.13,0.28,0.07,0.05,0.02,0.06,0.06,0.03
青森県2区,青森県,2,2,0.05,0.07,0.1,0.08,0.13,0.28,0.07,0.05,0.02,0.06,0.06,0.03
青森県3区,青森県,2,3,0.05,0.07,0.1,0.08,0.13,0.28,0.07,0.05,0.02,0.06,0.06,0.03
岩手県1区,岩手県,3,1,0.05,0.07,0.1,0.08,0.13,0.28,0.07,0.05,0.02,0.06,0.05,0.04
岩手県2区,岩手県,3,2,0.05,0.07,0.1,0.08,0.13,0.28,0.07,0.05,0.02,0.06,0.05,0.04
岩手県3区,岩手県,3,3,0.05,0.07,0.1,0.08,0.13,0.28,0.07,0.05,0.02,0.06,0.05,0.04
宮城県1区,宮城県,4,1,0.11,0.12,0.13,0.08,0.06,0.2,0.07,0.06,0.04,0.06,0.04,0.03
宮城県2区,宮城県,4,2,0.11,0.12,0.13,0.08,0.06,0.2,0.07,0.06,0.04,0.06,0.04,0.03
宮城県3区,宮城県,4,3,0.11,0.12,0.13,0.08,0.06,0.2,0.07,0.06,0.04,0.06,0.04,0.03
宮城県4区,宮城県,4,4,0.11,0.12,0.13,0.08,0.06,0.2,0.07,0.06,0.04,0.06,0.04,0.03
宮城県5区,宮城県,4,5,0.11,0.12,0.13,0.08,0.06,0.2,0.07,0.06,0.04,0.06,0.04,0.03
宮城県6区,宮城県,4,6,0.11,0.12,0.13,0.08,0.06,0.2,0.07,0.06,0.04,0.06,0.04,0.03
秋田県1区,秋田県,5,1,0.04,0.05,0.09,0.07,0.14,0.32,0.07,0.05,0.02,0.06,0.06,0.03
秋田県2区,秋田県,5,2,0.04,0.05,0.09,0.07,0.14,0.32,0.07,0.05,0.02,0.06,0.06,0.03
秋田県3区,秋田県,5,3,0.04,0.05,0.09,0.07,0.14,0.32,0.07,0.05,0.02,0.06,0.06,0.03
山形県1区,山形県,6,1,0.05,0.07,0.1,0.08,0.13,0.28,0.07,0.05,0.02,0.06,0.05,0.04
山形県2区,山形県,6,2,0.05,0.07,0.1,0.08,0.13,0.28,0.07,0.05,0.02,0.06,0.05,0.04
山形県3区,山形県,6,3,0.05,0.07,0.1,0.08,0.13,0.28,0.07,0.05,0.02,0.06,0.05,0.04
福島県1区,福島県,7,1,0.06,0.08,0.11,0.08,0.11,0.26,0.07,0.05,0.02,0.06,0.06,0.04
福島県2区,福島県,7,2,0.06,0.08,0.11,0.08,0.11,0.26,0.07,0.05,0.02,0.06,0.06,0.04
福島県3区,福島県,7,3,0.06,0.08,0.11,0.08,0.11,0.26,0.07,0.05,0.02,0.06,0.06,0.04
福島県4区,福島県,7,4,0.06,0.08,0.11,0.08,0.11,0.26,0.07,0.05,0.02,0.06,0.06,0.04
福島県5区,福島県,7,5,0.06,0.08,0.11,0.08,0.11,0.26,0.07,0.05,0.02,0.06,0.06,0.04
茨城県1区,茨城県,8,1,0.08,0.13,0.13,0.08,0.08,0.2,0.07,0.05,0.03,0.07,0.05,0.03
茨城県2区,茨城県,8,2,0.08,0.13,0.13,0.08,0.08,0.2,0.07,0.05,0.03,0.07,0.05,0.03
茨城県3区,茨城県,8,3,0.08,0.13,0.13,0.08,0.08,0.2,0.07,0.05,0.03,0.07,0.05,0.03
茨城県4区,茨城県,8,4,0.08,0.13,0.13,0.08,0.08,0.2,0.07,0.05,0.03,0.07,0.05,0.03
茨城県5区,茨城県,8,5,0.08,0.13,0.13,0.08,0.08,0.2,0.07,0.05,0.03,0.07,0.05,0.03
茨城県6区,茨城県,8,6,0.08,0.13,0.13,0.08,0.08,0.2,0.07,0.05,0.03,0.07,0.05,0.03
茨城県7区,茨城県,8,7,0.08,0.13,0.13,0.08,0.08,0.2,0.07,0.05,0.03,0.07,0.05,0.03
栃木県1区,栃木県,9,1,0.07,0.12,0.14,0.08,0.08,0.21,0.07,0.05,0.02,0.07,0.05,0.04
栃木県2区,栃木県,9,2,0.07,0.12,0.14,0.08,0.08,0.21,0.07,0.05,0.02,0.07,0.05,0.04
栃木県3区,栃木県,9,3,0.07,0.12,0.14,0.08,0.08,0.21,0.07,0.05,0.02,0.07,0.05,0.04
栃木県4区,栃木県,9,4,0.07,0.12,0.14,0.08,0.08,0.21,0.07,0.05,0.02,0.07,0.05,0.04
栃木県5区,栃木県,9,5,0.07,0.12,0.14,0.08,0.08,0.21,0.07,0.05,0.02,0.07,0.05,0.04
群馬県1区,群馬県,10,1,0.07,0.12,0.14,0.08,0.08,0.21,0.07,0.05,0.02,0.07,0.05,0.04
群馬県2区,群馬県,10,2,0.07,0.12,0.14,0.08,0.08,0.21,0.07,0.05,0.02,0.07,0.05,0.04
群馬県3区,群馬県,10,3,0.07,0.12,0.14,0.08,0.08,0.21,0.07,0.05,0.02,0.07,0.05,0.04
群馬県4区,群馬県,10,4,0.07,0.12,0.14,0.08,0.08,0.21,0.07,0.05,0.02,0.07,0.05,0.04
群馬県5区,群馬県,10,5,0.07,0.12,0.14,0.08,0.08,0.21,0.07,0.05,0.02,0.07,0.05,0.04
埼玉県1区,埼玉県,11,1,0.12,0.17,0.14,0.09,0.02,0.16,0.06,0.05,0.03,0.08,0.05,0.03
埼玉県2区,埼玉県,11,2,0.12,0.17,0.14,0.09,0.02,0.16,0.06,0.05,0.03,0.08,0.05,0.03
埼玉県3区,埼玉県,11,3,0.12,0.17,0.14,0.09,0.02,0.16,0.06,0.05,0.03,0.08,0.05,0.03
埼玉県4区,埼玉県,11,4,0.12,0.17,0.14,0.09,0.02,0.16,0.06,0.05,0.03,0.08,0.05,0.03
埼玉県5区,埼玉県,11,5,0.12,0.17,0.14,0.09,0.02,0.16,0.06,0.05,0.03,0.08,0.05,0.03
埼玉県6区,埼玉県,11,6,0.12,0.17,0.14,0.09,0.02,0.16,0.06,0.05,0.03,0.08,0.05,0.03
埼玉県7区,埼玉県,11,7,0.12,0.17,0.14,0.09,0.02,0.16,0.06,0.05,0.03,0.08,0.05,0.03
埼玉県8区,埼玉県,11,8,0.12,0.17,0.14,0.09,0.02,0.16,0.06,0.05,0.03,0.08,0.05,0.03
埼玉県9区,埼玉県,11,9,0.12,0.17,0.14,0.09,0.02,0.16,0.06,0.05,0.03,0.08,0.05,0.03
埼玉県10区,埼玉県,11,10,0.12,0.17,0.14,0.09,0.02,0.16,0.06,0.05,0.03,0.08,0.05,0.03
埼玉県11区,埼玉県,11,11,0.12,0.17,0.14,0.09,0.02,0.16,0.06,0.05,0.03,0.08,0.05,0.03
埼玉県12区,埼玉県,11,12,0.12,0.17,0.14,0.09,0.02,0.16,0.06,0.05,0.03,0.08,0.05,0.03
埼玉県13区,埼玉県,11,13,0.12,0.17,0.14,0.09,0.02,0.16,0.06,0.05,0.03,0.08,0.05,0.03
埼玉県14区,埼玉県,11,14,0.12,0.17,0.14,0.09,0.02,0.16,0.06,0.05,0.03,0.08,0.05,0.03
埼玉県15区,埼玉県,11,15,0.12,0.17,0.14,0.09,0.02,0.16,0.06,0.05,0.03,0.08,0.05,0.03
千葉県1区,千葉県,12,1,0.12,0.16,0.14,0.09,0.03,0.17,0.06,0.05,0.03,0.08,0.04,0.03
千葉県2区,千葉県,12,2,0.12,0.16,0.14,0.09,0.03,0.17,0.06,0.05,0.03,0.08,0.04,0.03
千葉県3区,千葉県,12,3,0.12,0.16,0.14,0.09,0.03,0.17,0.06,0.05,0.03,0.08,0.04,0.03
千葉県4区,千葉県,12,4,0.12,0.16,0.14,0.09,0.03,0.17,0.06,0.05,0.03,0.08,0.04,0.03
千葉県5区,千葉県,12,5,0.12,0.16,0.14,0.09,0.03,0.17,0.06,0.05,0.03,0.08,0.04,0.03
千葉県6区,千葉県,12,6,0.12,0.16,0.14,0.09,0.03,0.17,0.06,0.05,0.03,0.08,0.04,0.03
千葉県7区,千葉県,12,7,0.12,0.16,0.14,0.09,0.03,0.17,0.06,0.05,0.03,0.08,0.04,0.03
千葉県8区,千葉県,12,8,0.12,0.16,0.14,0.09,0.03,0.17,0.06,0.05,0.03,0.08,0.04,0.03
千葉県9区,千葉県,12,9,0.12,0.16,0.14,0.09,0.03,0.17,0.06,0.05,0.03,0.08,0.04,0.03
千葉県10区,千葉県,12,10,0.12,0.16,0.14,0.09,0.03,0.17,0.06,0.05,0.03,0.08,0.04,0.03
千葉県11区,千葉県,12,11,0.12,0.16,0.14,0.09,0.03,0.17,0.06,0.05,0.03,0.08,0.04,0.03
千葉県12区,千葉県,12,12,0.12,0.16,0.14,0.09,0.03,0.17,0.06,0.05,0.03,0.08,0.04,0.03
千葉県13区,千葉県,12,13,0.12,0.16,0.14,0.09,0.03,0.17,0.06,0.05,0.03,0.08,0.04,0.03
東京都1区,東京都,13,1,0.15,0.1,0.14,0.1,0.01,0.14,0.09,0.05,0.06,0.06,0.06,0.04
東京都2区,東京都,13,2,0.15,0.1,0.14,0.1,0.01,0.14,0.09,0.05,0.06,0.06,0.06,0.04
東京都3区,東京都,13,3,0.15,0.1,0.14,0.1,0.01,0.14,0.09,0.05,0.06,0.06,0.06,0.04
東京都4区,東京都,13,4,0.15,0.1,0.14,0.1,0.01,0.14,0.09,0.05,0.06,0.06,0.06,0.04
東京都5区,東京都,13,5,0.15,0.1,0.14,0.1,0.01,0.14,0.09,0.05,0.06,0.06,0.06,0.04
東京都6区,東京都,13,6,0.15,0.1,0.14,0.1,0.01,0.14,0.09,0.05,0.06,0.06,0.06,0.04
東京都7区,東京都,13,7,0.15,0.1,0.14,0.1,0.01,0.14,0.09,0.05,0.06,0.06,0.06,0.04
東京都8区,東京都,13,8,0.15,0.1,0.14,0.1,0.01,0.14,0.09,0.05,0.06,0.06,0.06,0.04
東京都9区,東京都,13,9,0.15,0.1,0.14,0.1,0.01,0.14,0.09,0.05,0.06,0.06,0.06,0.04
東京都10区,東京都,13,10,0.15,0.1,0.14,0.1,0.01,0.14,0.09,0.05,0.06,0.06,0.06,0.04
東京都11区,東京都,13,11,0.15,0.1,0.14,0.1,0.01,0.14,0.09,0.05,0.06,0.06,0.06,0.04
東京都12区,東京都,13,12,0.15,0.1,0.14,0.1,0.01,0.14,0.09,0.05,0.06,0.06,0.06,0.04
東京都13区,東京都,13,13,0.15,0.1,0.14,0.1,0.01,0.14,0.09,0.05,0.06,0.06,0.06,0.04
東京都14区,東京都,13,14,0.15,0.1,0.14,0.1,0.01,0.14,0.09,0.05,0.06,0.06,0.06,0.04
東京都15区,東京都,13,15,0.15,0.1,0.14,0.1,0.01,0.14,0.09,0.05,0.06,0.06,0.06,0.04
東京都16区,東京都,13,16,0.15,0.1,0.14,0.1,0.01,0.14,0.09,0.05,0.06,0.06,0.06,0.04
東京都17区,東京都,13,17,0.15,0.1,0.14,0.1,0.01,0.14,0.09,0.05,0.06,0.06,0.06,0.04
東京都18区,東京都,13,18,0.15,0.1,0.14,0.1,0.01,0.14,0.09,0.05,0.06,0.06,0.06,0.04
東京都19区,東京都,13,19,0.15,0.1,0.14,0.1,0.01,0.14,0.09,0.05,0.06,0.06,0.06,0.04
東京都20区,東京都,13,20,0.15,0.1,0.14,0.1,0.01,0.14,0.09,0.05,0.06,0.06,0.06,0.04
東京都21区,東京都,13,21,0.15,0.1,0.14,0.1,0.01,0.14,0.09,0.05,0.06,0.06,0.06,0.04
東京都22区,東京都,13,22,0.15,0.1,0.14,0.1,0.01,0.14,0.09,0.05,0.06,0.06,0.06,0.04
東京都23区,東京都,13,23,0.15,0.1,0.14,0.1,0.01,0.14,0.09,0.05,0.06,0.06,0.06,0.04
東京都24区,東京都,13,24,0.15,0.1,0.14,0.1,0.01,0.14,0.09,0.05,0.06,0.06,0.06,0.04
東京都25区,東京都,13,25,0.15,0.1,0.14,0.1,0.01,0.14,0.09,0.05,0.06,0.06,0.06,0.04
神奈川県1区,神奈川県,14,1,0.13,0.15,0.14,0.09,0.02,0.16,0.07,0.05,0.04,0.07,0.05,0.03
神奈川県2区,神奈川県,14,2,0.13,0.15,0.14,0.09,0.02,0.16,0.07,0.05,0.04,0.07,0.05,0.03
神奈川県3区,神奈川県,14,3,0.13,0.15,0.14,0.09,0.02,0.16,0.07,0.05,0.04,0.07,0.05,0.03
神奈川県4区,神奈川県,14,4,0.13,0.15,0.14,0.09,0.02,0.16,0.07,0.05,0.04,0.07,0.05,0.03
神奈川県5区,神奈川県,14,5,0.13,0.15,0.14,0.09,0.02,0.16,0.07,0.05,0.04,0.07,0.05,0.03
神奈川県6区,神奈川県,14,6,0.13,0.15,0.14,0.09,0.02,0.16,0.07,0.05,0.04,0.07,0.05,0.03
神奈川県7区,神奈川県,14,7,0.13,0.15,0.14,0.09,0.02,0.16,0.07,0.05,0.04,0.07,0.05,0.03
神奈川県8区,神奈川県,14,8,0.13,0.15,0.14,0.09,0.02,0.16,0.07,0.05,0.04,0.07,0.05,0.03
神奈川県9区,神奈川県,14,9,0.13,0.15,0.14,0.09,0.02,0.16,0.07,0.05,0.04,0.07,0.05,0.03
神奈川県10区,神奈川県,14,10,0.13,0.15,0.14,0.09,0.02,0.16,0.07,0.05,0.04,0.07,0.05,0.03
神奈川県11区,神奈川県,14,11,0.13,0.15,0.14,0.09,0.02,0.16,0.07,0.05,0.04,0.07,0.05,0.03
神奈川県12区,神奈川県,14,12,0.13,0.15,0.14,0.09,0.02,0.16,0.07,0.05,0.04,0.07,0.05,0.03
神奈川県13区,神奈川県,14,13,0.13,0.15,0.14,0.09,0.02,0.16,0.07,0.05,0.04,0.07,0.05,0.03
神奈川県14区,神奈川県,14,14,0.13,0.15,0.14,0.09,0.02,0.16,0.07,0.05,0.04,0.07,0.05,0.03
神奈川県15区,神奈川県,14,15,0.13,0.15,0.14,0.09,0.02,0.16,0.07,0.05,0.04,0.07,0.05,0.03
神奈川県16区,神奈川県,14,16,0.13,0.15,0.14,0.09,0.02,0.16,0.07,0.05,0.04,0.07,0.05,0.03
神奈川県17区,神奈川県,14,17,0.13,0.15,0.14,0.09,0.02,0.16,0.07,0.05,0.04,0.07,0.05,0.03
新潟県1区,新潟県,15,1,0.06,0.08,0.11,0.08,0.12,0.26,0.07,0.05,0.02,0.06,0.05,0.04
新潟県2区,新潟県,15,2,0.06,0.08,0.11,0.08,0.12,0.26,0.07,0.05,0.02,0.06,0.05,0.04
新潟県3区,新潟県,15,3,0.06,0.08,0.11,0.08,0.12,0.26,0.07,0.05,0.02,0.06,0.05,0.04
新潟県4区,新潟県,15,4,0.06,0.08,0.11,0.08,0.12,0.26,0.07,0.05,0.02,0.06,0.05,0.04
新潟県5区,新潟県,15,5,0.06,0.08,0.11,0.08,0.12,0.26,0.07,0.05,0.02,0.06,0.05,0.04
新潟県6区,新潟県,15,6,0.06,0.08,0.11,0.08,0.12,0.26,0.07,0.05,0.02,0.06,0.05,0.04
富山県1区,富山県,16,1,0.06,0.09,0.14,0.09,0.08,0.24,0.07,0.05,0.02,0.07,0.04,0.05
富山県2区,富山県,16,2,0.06,0.09,0.14,0.09,0.08,0.24,0.07,0.05,0.02,0.07,0.04,0.05
富山県3区,富山県,16,3,0.06,0.09,0.14,0.09,0.08,0.24,0.07,0.05,0.02,0.07,0.04,0.05
石川県1区,石川県,17,1,0.08,0.09,0.13,0.08,0.07,0.23,0.08,0.05,0.04,0.06,0.05,0.04
石川県2区,石川県,17,2,0.08,0.09,0.13,0.08,0.07,0.23,0.08,0.05,0.04,0.06,0.05,0.04
石川県3区,石川県,17,3,0.08,0.09,0.13,0.08,0.07,0.23,0.08,0.05,0.04,0.06,0.05,0.04
福井県1区,福井県,18,1,0.06,0.09,0.13,0.09,0.09,0.24,0.08,0.05,0.02,0.07,0.04,0.04
福井県2区,福井県,18,2,0.06,0.09,0.13,0.09,0.09,0.24,0.08,0.05,0.02,0.07,0.04,0.04
山梨県1区,山梨県,19,1,0.06,0.09,0.12,0.08,0.11,0.25,0.07,0.05,0.02,0.06,0.05,0.04
山梨県2区,山梨県,19,2,0.06,0.09,0.12,0.08,0.11,0.25,0.07,0.05,0.02,0.06,0.05,0.04
長野県1区,長野県,20,1,0.06,0.08,0.12,0.08,0.11,0.26,0.07,0.05,0.02,0.06,0.05,0.04
長野県2区,長野県,20,2,0.06,0.08,0.12,0.08,0.11,0.26,0.07,0.05,0.02,0.06,0.05,0.04
長野県3区,長野県,20,3,0.06,0.08,0.12,0.08,0.11,0.26,0.07,0.05,0.02,0.06,0.05,0.04
長野県4区,長野県,20,4,0.06,0.08,0.12,0.08,0.11,0.26,0.07,0.05,0.02,0.06,0.05,0.04
長野県5区,長野県,20,5,0.06,0.08,0.12,0.08,0.11,0.26,0.07,0.05,0.02,0.06,0.05,0.04
岐阜県1区,岐阜県,21,1,0.07,0.11,0.14,0.08,0.07,0.22,0.08,0.05,0.02,0.07,0.05,0.04
岐阜県2区,岐阜県,21,2,0.07,0.11,0.14,0.08,0.07,0.22,0.08,0.05,0.02,0.07,0.05,0.04
岐阜県3区,岐阜県,21,3,0.07,0.11,0.14,0.08,0.07,0.22,0.08,0.05,0.02,0.07,0.05,0.04
岐阜県4区,岐阜県,21,4,0.07,0.11,0.14,0.08,0.07,0.22,0.08,0.05,0.02,0.07,0.05,0.04
岐阜県5区,岐阜県,21,5,0.07,0.11,0.14,0.08,0.07,0.22,0.08,0.05,0.02,0.07,0.05,0.04
静岡県1区,静岡県,22,1,0.08,0.11,0.15,0.08,0.07,0.2,0.07,0.05,0.02,0.07,0.04,0.06
静岡県2区,静岡県,22,2,0.08,0.11,0.15,0.08,0.07,0.2,0.07,0.05,0.02,0.07,0.04,0.06
静岡県3区,静岡県,22,3,0.08,0.11,0.15,0.08,0.07,0.2,0.07,0.05,0.02,0.07,0.04,0.06
静岡県4区,静岡県,22,4,0.08,0.11,0.15,0.08,0.07,0.2,0.07,0.05,0.02,0.07,0.04,0.06
静岡県5区,静岡県,22,5,0.08,0.11,0.15,0.08,0.07,0.2,0.07,0.05,0.02,0.07,0.04,0.06
静岡県6区,静岡県,22,6,0.08,0.11,0.15,0.08,0.07,0.2,0.07,0.05,0.02,0.07,0.04,0.06
静岡県7区,静岡県,22,7,0.08,0.11,0.15,0.08,0.07,0.2,0.07,0.05,0.02,0.07,0.04,0.06
静岡県8区,静岡県,22,8,0.08,0.11,0.15,0.08,0.07,0.2,0.07,0.05,0.02,0.07,0.04,0.06
愛知県1区,愛知県,23,1,0.12,0.13,0.16,0.08,0.03,0.15,0.08,0.05,0.04,0.07,0.03,0.06
愛知県2区,愛知県,23,2,0.12,0.13,0.16,0.08,0.03,0.15,0.08,0.05,0.04,0.07,0.03,0.06
愛知県3区,愛知県,23,3,0.12,0.13,0.16,0.08,0.03,0.15,0.08,0.05,0.04,0.07,0.03,0.06
愛知県4区,愛知県,23,4,0.12,0.13,0.16,0.08,0.03,0.15,0.08,0.05,0.04,0.07,0.03,0.06
愛知県5区,愛知県,23,5,0.12,0.13,0.16,0.08,0.03,0.15,0.08,0.05,0.04,0.07,0.03,0.06
愛知県6区,愛知県,23,6,0.12,0.13,0.16,0.08,0.03,0.15,0.08,0.05,0.04,0.07,0.03,0.06
愛知県7区,愛知県,23,7,0.12,0.13,0.16,0.08,0.03,0.15,0.08,0.05,0.04,0.07,0.03,0.06
愛知県8区,愛知県,23,8,0.12,0.13,0.16,0.08,0.03,0.15,0.08,0.05,0.04,0.07,0.03,0.06
愛知県9区,愛知県,23,9,0.12,0.13,0.16,0.08,0.03,0.15,0.08,0.05,0.04,0.07,0.03,0.06
愛知県10区,愛知県,23,10,0.12,0.13,0.16,0.08,0.03,0.15,0.08,0.05,0.04,0.07,0.03,0.06
愛知県11区,愛知県,23,11,0.12,0.13,0.16,0.08,0.03,0.15,0.08,0.05,0.04,0.07,0.03,0.06
愛知県12区,愛知県,23,12,0.12,0.13,0.16,0.08,0.03,0.15,0.08,0.05,0.04,0.07,0.03,0.06
愛知県13区,愛知県,23,13,0.12,0.13,0.16,0.08,0.03,0.15,0.08,0.05,0.04,0.07,0.03,0.06
愛知県14区,愛知県,23,14,0.12,0.13,0.16,0.08,0.03,0.15,0.08,0.05,0.04,0.07,0.03,0.06
愛知県15区,愛知県,23,15,0.12,0.13,0.16,0.08,0.03,0.15,0.08,0.05,0.04,0.07,0.03,0.06
三重県1区,三重県,24,1,0.07,0.1,0.14,0.08,0.08,0.23,0.07,0.05,0.02,0.07,0.04,0.05
三重県2区,三重県,24,2,0.07,0.1,0.14,0.08,0.08,0.23,0.07,0.05,0.02,0.07,0.04,0.05
三重県3区,三重県,24,3,0.07,0.1,0.14,0.08,0.08,0.23,0.07,0.05,0.02,0.07,0.04,0.05
三重県4区,三重県,24,4,0.07,0.1,0.14,0.08,0.08,0.23,0.07,0.05,0.02,0.07,0.04,0.05
三重県5区,三重県,24,5,0.07,0.1,0.14,0.08,0.08,0.23,0.07,0.05,0.02,0.07,0.04,0.05
滋賀県1区,滋賀県,25,1,0.09,0.14,0.14,0.08,0.05,0.18,0.07,0.05,0.03,0.08,0.04,0.05
滋賀県2区,滋賀県,25,2,0.09,0.14,0.14,0.08,0.05,0.18,0.07,0.05,0.03,0.08,0.04,0.05
滋賀県3区,滋賀県,25,3,0.09,0.14,0.14,0.08,0.05,0.18,0.07,0.05,0.03,0.08,0.04,0.05
滋賀県4区,滋賀県,25,4,0.09,0.14,0.14,0.08,0.05,0.18,0.07,0.05,0.03,0.08,0.04,0.05
京都府1区,京都府,26,1,0.11,0.09,0.12,0.09,0.03,0.19,0.09,0.06,0.06,0.06,0.06,0.04
京都府2区,京都府,26,2,0.11,0.09,0.12,0.09,0.03,0.19,0.09,0.06,0.06,0.06,0.06,0.04
京都府3区,京都府,26,3,0.11,0.09,0.12,0.09,0.03,0.19,0.09,0.06,0.06,0.06,0.06,0.04
京都府4区,京都府,26,4,0.11,0.09,0.12,0.09,0.03,0.19,0.09,0.06,0.06,0.06,0.06,0.04
京都府5区,京都府,26,5,0.11,0.09,0.12,0.09,0.03,0.19,0.09,0.06,0.06,0.06,0.06,0.04
京都府6区,京都府,26,6,0.11,0.09,0.12,0.09,0.03,0.19,0.09,0.06,0.06,0.06,0.06,0.04
大阪府1区,大阪府,27,1,0.13,0.1,0.13,0.09,0.01,0.17,0.1,0.05,0.04,0.06,0.08,0.04
大阪府2区,大阪府,27,2,0.13,0.1,0.13,0.09,0.01,0.17,0.1,0.05,0.04,0.06,0.08,0.04
大阪府3区,大阪府,27,3,0.13,0.1,0.13,0.09,0.01,0.17,0.1,0.05,0.04,0.06,0.08,0.04
大阪府4区,大阪府,27,4,0.13,0.1,0.13,0.09,0.01,0.17,0.1,0.05,0.04,0.06,0.08,0.04
大阪府5区,大阪府,27,5,0.13,0.1,0.13,0.09,0.01,0.17,0.1,0.05,0.04,0.06,0.08,0.04
大阪府6区,大阪府,27,6,0.13,0.1,0.13,0.09,0.01,0.17,0.1,0.05,0.04,0.06,0.08,0.04
大阪府7区,大阪府,27,7,0.13,0.1,0.13,0.09,0.01,0.17,0.1,0.05,0.04,0.06,0.08,0.04
大阪府8区,大阪府,27,8,0.13,0.1,0.13,0.09,0.01,0.17,0.1,0.05,0.04,0.06,0.08,0.04
大阪府9区,大阪府,27,9,0.13,0.1,0.13,0.09,0.01,0.17,0.1,0.05,0.04,0.06,0.08,0.04
大阪府10区,大阪府,27,10,0.13,0.1,0.13,0.09,0.01,0.17,0.1,0.05,0.04,0.06,0.08,0.04
大阪府11区,大阪府,27,11,0.13,0.1,0.13,0.09,0.01,0.17,0.1,0.05,0.04,0.06,0.08,0.04
大阪府12区,大阪府,27,12,0.13,0.1,0.13,0.09,0.01,0.17,0.1,0.05,0.04,0.06,0.08,0.04
大阪府13区,大阪府,27,13,0.13,0.1,0.13,0.09,0.01,0.17,0.1,0.05,0.04,0.06,0.08,0.04
大阪府14区,大阪府,27,14,0.13,0.1,0.13,0.09,0.01,0.17,0.1,0.05,0.04,0.06,0.08,0.04
大阪府15区,大阪府,27,15,0.13,0.1,0.13,0.09,0.01,0.17,0.1,0.05,0.04,0.06,0.08,0.04
大阪府16区,大阪府,27,16,0.13,0.1,0.13,0.09,0.01,0.17,0.1,0.05,0.04,0.06,0.08,0.04
大阪府17区,大阪府,27,17,0.13,0.1,0.13,0.09,0.01,0.17,0.1,0.05,0.04,0.06,0.08,0.04
大阪府18区,大阪府,27,18,0.13,0.1,0.13,0.09,0.01,0.17,0.1,0.05,0.04,0.06,0.08,0.04
大阪府19区,大阪府,27,19,0.13,0.1,0.13,0.09,0.01,0.17,0.1,0.05,0.04,0.06,0.08,0.04
兵庫県1区,兵庫県,28,1,0.1,0.13,0.13,0.09,0.04,0.19,0.08,0.05,0.04,0.07,0.05,0.03
兵庫県2区,兵庫県,28,2,0.1,0.13,0.13,0.09,0.04,0.19,0.08,0.05,0.04,0.07,0.05,0.03
兵庫県3区,兵庫県,28,3,0.1,0.13,0.13,0.09,0.04,0.19,0.08,0.05,0.04,0.07,0.05,0.03
兵庫県4区,兵庫県,28,4,0.1,0.13,0.13,0.09,0.04,0.19,0.08,0.05,0.04,0.07,0.05,0.03
兵庫県5区,兵庫県,28,5,0.1,0.13,0.13,0.09,0.04,0.19,0.08,0.05,0.04,0.07,0.05,0.03
兵庫県6区,兵庫県,28,6,0.1,0.13,0.13,0.09,0.04,0.19,0.08,0.05,0.04,0.07,0.05,0.03
兵庫県7区,兵庫県,28,7,0.1,0.13,0.13,0.09,0.04,0.19,0.08,0.05,0.04,0.07,0.05,0.03
兵庫県8区,兵庫県,28,8,0.1,0.13,0.13,0.09,0.04,0.19,0.08,0.05,0.04,0.07,0.05,0.03
兵庫県9区,兵庫県,28,9,0.1,0.13,0.13,0.09,0.04,0.19,0.08,0.05,0.04,0.07,0.05,0.03
兵庫県10区,兵庫県,28,10,0.1,0.13,0.13,0.09,0.04,0.19,0.08,0.05,0.04,0.07,0.05,0.03
兵庫県11区,兵庫県,28,11,0.1,0.13,0.13,0.09,0.04,0.19,0.08,0.05,0.04,0.07,0.05,0.03
兵庫県12区,兵庫県,28,12,0.1,0.13,0.13,0.09,0.04,0.19,0.08,0.05,0.04,0.07,0.05,0.03
奈良県1区,奈良県,29,1,0.08,0.14,0.13,0.09,0.04,0.22,0.07,0.05,0.03,0.08,0.04,0.03
奈良県2区,奈良県,29,2,0.08,0.14,0.13,0.09,0.04,0.22,0.07,0.05,0.03,0.08,0.04,0.03
奈良県3区,奈良県,29,3,0.08,0.14,0.13,0.09,0.04,0.22,0.07,0.05,0.03,0.08,0.04,0.03
奈良県4区,奈良県,29,4,0.08,0.14,0.13,0.09,0.04,0.22,0.07,0.05,0.03,0.08,0.04,0.03
和歌山県1区,和歌山県,30,1,0.05,0.07,0.11,0.08,0.12,0.28,0.08,0.05,0.02,0.06,0.05,0.03
和歌山県2区,和歌山県,30,2,0.05,0.07,0.11,0.08,0.12,0.28,0.08,0.05,0.02,0.06,0.05,0.03
和歌山県3区,和歌山県,30,3,0.05,0.07,0.11,0.08,0.12,0.28,0.08,0.05,0.02,0.06,0.05,0.03
鳥取県1区,鳥取県,31,1,0.05,0.07,0.1,0.08,0.13,0.28,0.07,0.06,0.02,0.06,0.05,0.03
鳥取県2区,鳥取県,31,2,0.05,0.07,0.1,0.08,0.13,0.28,0.07,0.06,0.02,0.06,0.05,0.03
島根県1区,島根県,32,1,0.04,0.06,0.09,0.07,0.15,0.3,0.07,0.06,0.02,0.06,0.05,0.03
島根県2区,島根県,32,2,0.04,0.06,0.09,0.07,0.15,0.3,0.07,0.06,0.02,0.06,0.05,0.03
岡山県1区,岡山県,33,1,0.08,0.1,0.13,0.08,0.07,0.22,0.08,0.05,0.04,0.06,0.05,0.04
岡山県2区,岡山県,33,2,0.08,0.1,0.13,0.08,0.07,0.22,0.08,0.05,0.04,0.06,0.05,0.04
岡山県3区,岡山県,33,3,0.08,0.1,0.13,0.08,0.07,0.22,0.08,0.05,0.04,0.06,0.05,0.04
岡山県4区,岡山県,33,4,0.08,0.1,0.13,0.08,0.07,0.22,0.08,0.05,0.04,0.06,0.05,0.04
岡山県5区,岡山県,33,5,0.08,0.1,0.13,0.08,0.07,0.22,0.08,0.05,0.04,0.06,0.05,0.04
広島県1区,広島県,34,1,0.09,0.11,0.14,0.08,0.05,0.21,0.08,0.05,0.03,0.06,0.05,0.05
広島県2区,広島県,34,2,0.09,0.11,0.14,0.08,0.05,0.21,0.08,0.05,0.03,0.06,0.05,0.05
広島県3区,広島県,34,3,0.09,0.11,0.14,0.08,0.05,0.21,0.08,0.05,0.03,0.06,0.05,0.05
広島県4区,広島県,34,4,0.09,0.11,0.14,0.08,0.05,0.21,0.08,0.05,0.03,0.06,0.05,0.05
広島県5区,広島県,34,5,0.09,0.11,0.14,0.08,0.05,0.21,0.08,0.05,0.03,0.06,0.05,0.05
広島県6区,広島県,34,6,0.09,0.11,0.14,0.08,0.05,0.21,0.08,0.05,0.03,0.06,0.05,0.05
広島県7区,広島県,34,7,0.09,0.11,0.14,0.08,0.05,0.21,0.08,0.05,0.03,0.06,0.05,0.05
山口県1区,山口県,35,1,0.06,0.08,0.12,0.08,0.09,0.27,0.07,0.05,0.02,0.06,0.05,0.05
山口県2区,山口県,35,2,0.06,0.08,0.12,0.08,0.09,0.27,0.07,0.05,0.02,0.06,0.05,0.05
山口県3区,山口県,35,3,0.06,0.08,0.12,0.08,0.09,0.27,0.07,0.05,0.02,0.06,0.05,0.05
山口県4区,山口県,35,4,0.06,0.08,0.12,0.08,0.09,0.27,0.07,0.05,0.02,0.06,0.05,0.05
徳島県1区,徳島県,36,1,0.06,0.07,0.11,0.08,0.11,0.27,0.08,0.05,0.02,0.06,0.05,0.04
徳島県2区,徳島県,36,2,0.06,0.07,0.11,0.08,0.11,0.27,0.08,0.05,0.02,0.06,0.05,0.04
香川県1区,香川県,37,1,0.07,0.09,0.12,0.08,0.09,0.25,0.08,0.05,0.02,0.06,0.05,0.04
香川県2区,香川県,37,2,0.07,0.09,0.12,0.08,0.09,0.25,0.08,0.05,0.02,0.06,0.05,0.04
香川県3区,香川県,37,3,0.07,0.09,0.12,0.08,0.09,0.25,0.08,0.05,0.02,0.06,0.05,0.04
愛媛県1区,愛媛県,38,1,0.06,0.08,0.11,0.08,0.1,0.27,0.08,0.05,0.03,0.06,0.05,0.03
愛媛県2区,愛媛県,38,2,0.06,0.08,0.11,0.08,0.1,0.27,0.08,0.05,0.03,0.06,0.05,0.03
愛媛県3区,愛媛県,38,3,0.06,0.08,0.11,0.08,0.1,0.27,0.08,0.05,0.03,0.06,0.05,0.03
愛媛県4区,愛媛県,38,4,0.06,0.08,0.11,0.08,0.1,0.27,0.08,0.05,0.03,0.06,0.05,0.03
高知県1区,高知県,39,1,0.05,0.06,0.09,0.07,0.14,0.3,0.07,0.06,0.02,0.06,0.05,0.03
高知県2区,高知県,39,2,0.05,0.06,0.09,0.07,0.14,0.3,0.07,0.06,0.02,0.06,0.05,0.03
福岡県1区,福岡県,40,1,0.11,0.11,0.13,0.09,0.04,0.19,0.08,0.05,0.05,0.06,0.06,0.03
福岡県2区,福岡県,40,2,0.11,0.11,0.13,0.09,0.04,0.19,0.08,0.05,0.05,0.06,0.06,0.03
福岡県3区,福岡県,40,3,0.11,0.11,0.13,0.09,0.04,0.19,0.08,0.05,0.05,0.06,0.06,0.03
福岡県4区,福岡県,40,4,0.11,0.11,0.13,0.09,0.04,0.19,0.08,0.05,0.05,0.06,0.06,0.03
福岡県5区,福岡県,40,5,0.11,0.11,0.13,0.09,0.04,0.19,0.08,0.05,0.05,0.06,0.06,0.03
福岡県6区,福岡県,40,6,0.11,0.11,0.13,0.09,0.04,0.19,0.08,0.05,0.05,0.06,0.06,0.03
福岡県7区,福岡県,40,7,0.11,0.11,0.13,0.09,0.04,0.19,0.08,0.05,0.05,0.06,0.06,0.03
福岡県8区,福岡県,40,8,0.11,0.11,0.13,0.09,0.04,0.19,0.08,0.05,0.05,0.06,0.06,0.03
福岡県9区,福岡県,40,9,0.11,0.11,0.13,0.09,0.04,0.19,0.08,0.05,0.05,0.06,0.06,0.03
福岡県10区,福岡県,40,10,0.11,0.11,0.13,0.09,0.04,0.19,0.08,0.05,0.05,0.06,0.06,0.03
福岡県11区,福岡県,40,11,0.11,0.11,0.13,0.09,0.04,0.19,0.08,0.05,0.05,0.06,0.06,0.03
佐賀県1区,佐賀県,41,1,0.05,0.08,0.11,0.08,0.12,0.26,0.07,0.05,0.02,0.07,0.05,0.04
佐賀県2区,佐賀県,41,2,0.05,0.08,0.11,0.08,0.12,0.26,0.07,0.05,0.02,0.07,0.05,0.04
長崎県1区,長崎県,42,1,0.06,0.07,0.11,0.08,0.1,0.27,0.07,0.06,0.02,0.06,0.06,0.04
長崎県2区,長崎県,42,2,0.06,0.07,0.11,0.08,0.1,0.27,0.07,0.06,0.02,0.06,0.06,0.04
長崎県3区,長崎県,42,3,0.06,0.07,0.11,0.08,0.1,0.27,0.07,0.06,0.02,0.06,0.06,0.04
熊本県1区,熊本県,43,1,0.07,0.09,0.11,0.08,0.1,0.25,0.07,0.06,0.03,0.06,0.05,0.03
熊本県2区,熊本県,43,2,0.07,0.09,0.11,0.08,0.1,0.25,0.07,0.06,0.03,0.06,0.05,0.03
熊本県3区,熊本県,43,3,0.07,0.09,0.11,0.08,0.1,0.25,0.07,0.06,0.03,0.06,0.05,0.03
熊本県4区,熊本県,43,4,0.07,0.09,0.11,0.08,0.1,0.25,0.07,0.06,0.03,0.06,0.05,0.03
熊本県5区,熊本県,43,5,0.07,0.09,0.11,0.08,0.1,0.25,0.07,0.06,0.03,0.06,0.05,0.03
大分県1区,大分県,44,1,0.06,0.08,0.11,0.08,0.1,0.27,0.07,0.05,0.02,0.06,0.06,0.04
大分県2区,大分県,44,2,0.06,0.08,0.11,0.08,0.1,0.27,0.07,0.05,0.02,0.06,0.06,0.04
大分県3区,大分県,44,3,0.06,0.08,0.11,0.08,0.1,0.27,0.07,0.05,0.02,0.06,0.06,0.04
宮崎県1区,宮崎県,45,1,0.05,0.07,0.1,0.08,0.13,0.27,0.07,0.05,0.02,0.06,0.06,0.04
宮崎県2区,宮崎県,45,2,0.05,0.07,0.1,0.08,0.13,0.27,0.07,0.05,0.02,0.06,0.06,0.04
宮崎県3区,宮崎県,45,3,0.05,0.07,0.1,0.08,0.13,0.27,0.07,0.05,0.02,0.06,0.06,0.04
鹿児島県1区,鹿児島県,46,1,0.06,0.07,0.1,0.08,0.13,0.27,0.07,0.05,0.02,0.06,0.06,0.03
鹿児島県2区,鹿児島県,46,2,0.06,0.07,0.1,0.08,0.13,0.27,0.07,0.05,0.02,0.06,0.06,0.03
鹿児島県3区,鹿児島県,46,3,0.06,0.07,0.1,0.08,0.13,0.27,0.07,0.05,0.02,0.06,0.06,0.03
鹿児島県4区,鹿児島県,46,4,0.06,0.07,0.1,0.08,0.13,0.27,0.07,0.05,0.02,0.06,0.06,0.03
沖縄県1区,沖縄県,47,1,0.09,0.09,0.1,0.08,0.06,0.18,0.08,0.07,0.04,0.06,0.1,0.05
沖縄県2区,沖縄県,47,2,0.09,0.09,0.1,0.08,0.06,0.18,0.08,0.07,0.04,0.06,0.1,0.05
沖縄県3区,沖縄県,47,3,0.09,0.09,0.1,0.08,0.06,0.18,0.08,0.07,0.04,0.06,0.1,0.05
